scenario_id,project_id,scenario_name
6807fe2c633a220c6c529a2e,66db1e21db0eec219a4b6281,_Primary (2025)
67b7b603f18d4b004424362a,63a22b87472ea90012c70dbf,_Primary (2025)
67b79551fcebce842b043d31,653be9eaa16cb2f1c8e5572d,_Primary (2025)
67b74705921a84d6f783488b,624473cd09738100135bace6,_Primary (2025)
67b6782ea2448cc7d2777526,646f73e5c8bb100012799185,_Primary (2025)
67b6742d793f1a99688625dc,627be46201581100148f8d9b,_Primary (2025)
67b6696f6de8e9ff0c3fda80,63da98500e10e60012518917,_Primary (2025)
67b662ed8e8695d787333e74,6228e4bce37a3f00130b6ddd,_Primary (2025)
67b60c8ce1489d7316175126,62ba02b8b532fb0012bdf71a,_Primary (2025)
67b6031d9a411e754c7a33b2,623d34d3541a3b4848d920ea,_Primary (2025)
68599e49d352da06cecdc877,6571ff3f8593d2fbc838de67,_Primary (2025)